,Marca temporal,Direcci√≥n de correo electr√≥nico,Escribe el nombre del taller ,El lenguaje de los taller fue adecuado ,Se distingui√≥ los objetivos del taller,Fueron claras las instrucciones de los talleres,¬øQu√© tan ameno te pareci√≥ el taller?,Los talleres te motivaron a seguir indagando en el tema,Si tienes comentarios y/o sugerencias acerca de los talleres son bienvenidos.,El lenguaje de las secuencias did√°cticas te pareci√≥ apropiado,Se distingui√≥ los objetivos de las secuencias did√°cticas,Fueron claros los conceptos que se formalizaron en las secuencias did√°cticas,¬øQu√© tan complicado te pareci√≥ la formalizaci√≥n de los conceptos en las secuencias did√°cticas?,¬øQu√© tan apropiado fue introducir los conceptos formales a partir de los talleres?,Si tienes comentarios y/o sugerencias son bienvenidos,El lenguaje de los talleres fue adecuado ,Se distinguieron los objetivos del taller
0,21/07/2022 9:16:50,,Serpientes estoc√°sticas y escaleras aleatorias,1.0,1.0,1,1,2,Ser√≠a bueno si pudieran sugerir bibliograf√≠a √∫til para cada tema. :),Mucho,Mucho,Mucho,Poco,Poco,.,,
1,21/07/2022 9:18:07,,Serpientes estoc√°sticas y escaleras aleatorias,1.0,1.0,2,1,1,"En general el taller fue ameno, la actividad de serpientes y escaleras me pareci√≥ muy divertida e interesante con la modificaci√≥n de avanzar usando la probabilidad.",Mucho,Mucho,Mucho,Mucho,Mucho,"No tengo mucho que agregar, me pareci√≥ bastante bien dise√±ado el taller.",,
2,21/07/2022 9:19:09,,Serpientes estoc√°sticas y escaleras aleatorias,5.0,5.0,5,5,4,"No, fue agradable ",Mucho,Mucho,Mucho,Mucho,Mucho,.,,
3,21/07/2022 9:20:11,,Serpientes estoc√°sticas y escaleras aleatorias,1.0,1.0,1,1,1,La explicaci√≥n del tema fue breve y sencillo adem√°s de entretenido,Mucho,Mucho,Mucho,Poco,Mucho,El taller fue mucho de mi agrado,,
4,21/07/2022 9:20:18,,Serpientes estoc√°sticas y escaleras aleatorias,1.0,1.0,1,1,1,Me gusto mucho el juego de las serpientes estoc√°sticas y como a trav√©s de ello nos introdujeron al tema.,Mucho,Mucho,Mucho,Poco,Mucho,Me gust√≥ la parte did√°ctica del taller y los temas vistos. ,,
5,21/07/2022 9:27:00,,Serpientes estoc√°sticas y escaleras aleatorias,1.0,2.0,1,1,2,Me hubiera agradado ver m√°s ejercicios sobre los temas del taller.,Mucho,Mucho,Mucho,Poco,Mucho,Me hubiera gustado profundizar en m√°s temas de combinatoria.,,
6,21/07/2022 10:56:27,,Serpientes estoc√°sticas y escaleras aleatorias.,1.0,1.0,1,1,1,"Los instructores fueron muy amables, se notaba el dominio del tema as√≠ como la organizaci√≥n del taller. Las actividades fueron entretenidas, las indicaciones fueron claras; si ten√≠amos dudas las respond√≠an de muy buena manera. En general un muy buen taller ",Mucho,Mucho,Mucho,Poco,Mucho,En el taller las explicaciones y conceptos fueron claros,,
0,21/07/2022 17:21:18,,L√≥gica y sudokus,1.0,1.0,1,1,1,"Resolver el sudoku en equipo fue algo repetitivo, pero todo lo dem√°s estuvo muy interesante y los ponentes fueron muy atentos.",Mucho,Mucho,Mucho,Poco,Mucho,Ninguno.,,
1,21/07/2022 17:24:17,,"L√≥gica, sudokus y...¬ødemostraciones?",1.0,2.0,1,2,1,"Gran taller, la ultima parte un poco lenta, pero en general tanto la actividad principal como las ponencias fueron muy agradables.",Mucho,Mucho,Mucho,Poco,Poco,"Con respecto a la ultima pregunta, no es que este mal introducir estos conceptos con talleres, mas bien fue raro ligar los sudokus con axiomas, conjeturas o proposiciones, o sea se entendi√≥ el taller pero en principio fue raro.",,
2,21/07/2022 17:24:31,,Cartas en Set,1.0,1.0,1,1,1,Son muy creativos y bastante interactivos para poder entender el tema general ,Mucho,Mucho,Mucho,Mucho,Mucho,Muy entendible y divertido ,,
3,21/07/2022 17:24:47,,Sudoku,1.0,1.0,1,1,1,Me gust√≥ la planeaci√≥n de los temas y como los fueron desarrolando,Mucho,Mucho,Mucho,Poco,Mucho,"Estoy entendiendo todo, me agradan muchisimo las clases ",,
0,21/07/2022 16:10:26,,Bingo del multiverso ,1.0,1.0,1,2,2,.,Mucho,Mucho,Mucho,Mucho,Mucho,.,,
1,21/07/2022 16:10:50,, Bingo del Multiverso. ,1.0,1.0,2,2,3,"pues estuvo bien, ninguna queja.",Mucho,Mucho,Mucho,Poco,Mucho,ninguna queja,,
2,21/07/2022 16:11:38,,Bingo del multiverso ,2.0,2.0,1,2,1,"Fueron entretenido, tal vez con un poco m√°s tiempo los temas quedar√°n m√°s concretos.",Mucho,Mucho,Mucho,Poco,Mucho,"Creo que no hay, fue bueno el taller, tal vez con un poco m√°s de tiempo los temas quedar√≠as m√°s comprendidos ",,
3,21/07/2022 16:12:31,,Bingo del Multiverso,1.0,1.0,1,1,3,Me pareci√≥ muy interesante la manera en que se planea abordar los conceptos que se quieren dar a conocer desde algo tan b√°sico como lo es un juego ,Mucho,Mucho,Mucho,Poco,Mucho,"Aunque si hay una diferencia muy grande entre lo que se muestra en el taller y en la secuencia did√°ctica, me pareci√≥ demasiado pertinente la manera en que se nos fue brindando la informaci√≥n y cu√°nta atenci√≥n hab√≠a en que se comprendieran en su totalidad.",,
4,21/07/2022 16:12:56,,Bingo del Multiverso,1.0,1.0,1,1,1,"Me gust√≥ como fueron explicando las definiciones a trav√©s de un juego,  muy did√°ctico.",Mucho,Mucho,Mucho,Poco,Mucho,"Se entendi√≥ muy bien, muchas gracias.",,
5,21/07/2022 16:13:26,,Bingo del multiverso ,2.0,2.0,2,2,1,Muy buena explicaci√≥n del taller muchas gracias ‚ú®,Mucho,Mucho,Mucho,Poco,Mucho,La explicaci√≥n es detallada Gracias por eso :),,
6,21/07/2022 16:14:20,,Bingo del Multiverso ,1.0,1.0,1,1,1,"Creo que lo unico que puedo decir es que continuen con el mismi entusiasmo, y gracias.",Mucho,Mucho,Mucho,Poco,Mucho,"Continuar con la actividad como hasta ahora, es muy buen inicio.",,
7,21/07/2022 16:14:36,,Bingo del multiverso,2.0,1.0,2,4,2,"En la clase did√°ctica, sent√≠ que nos tomo demasiado tiempo hacer la actividad que nos iba a llevar al tema, me hubiera gustado algo m√°s corto, para que se explicara el tema directo de una manera m√°s amplia",Mucho,Mucho,Mucho,Poco,Mucho,Tal vez se pudiera agregar ver como se ven las gr√°ficas de los tipos de funciones,,
8,21/07/2022 16:15:23,,bingo del multiiverso,1.0,1.0,1,1,1,estoy reaprendiendo bastante gracias proped√©uticos UNAM Facultad de Ciencias,Mucho,Mucho,Mucho,Mucho,Mucho,Gracias a este proped√©utico se que tengo que esforzarme al mill√≥n para lograr mis objetivos ,,
9,21/07/2022 16:20:13,,Curso Propedeutico,2.0,2.0,2,1,1,Ninguno,Mucho,Mucho,Mucho,Mucho,Mucho,Ninguno,,
0,21/07/2022 16:20:55,,Juntos con Conujntos,,,1,1,2,.,Mucho,Mucho,Mucho,Mucho,Mucho,.,1.0,1.0
1,21/07/2022 16:21:01,,Juntos con conjuntos,,,1,1,2,ninguno,Mucho,Mucho,Mucho,Poco,Mucho,ninguno,1.0,1.0
2,21/07/2022 16:21:42,,juntos con conjuntos ,,,1,2,3,muy bueno ,Mucho,Mucho,Mucho,Poco,Mucho,no ,1.0,1.0
3,21/07/2022 16:22:00,,Juntos con conjuntos,,,1,1,1,Las instructoras prepararon las presentaciones y actividades con alta calidad,Mucho,Mucho,Mucho,Poco,Mucho,Nada que comentar,1.0,1.0
4,21/07/2022 16:22:33,,Juntos con Conjuntos,,,1,1,1,las instructoras se esmeraron mucho con las actividades para hacerlas entretenidas y que se entendiera el tema,Mucho,Mucho,Mucho,Poco,Mucho,tal vez a√±adirle un poco mas de tiempo al taller ya que las dos horas pasan volando,1.0,1.0
5,21/07/2022 16:22:43,,Junto con Conjuntos,,,1,1,1,"Me gust√≥ mucho que fue demasiado did√°ctico y no s√≥lo dieron definiciones sobre el tema, adem√°s compartieron libros que servir√°n para los primeros semestres de la carrera, incitando las participaciones del grupo.",Mucho,Mucho,Mucho,Poco,Poco,Excelente taller.,1.0,1.0
6,21/07/2022 16:22:48,,Juntos con Conjuntos,,,2,1,1,"Buenas propuestas de actividades pero un tanto confuso la ejecuci√≥n, fuera de eso todo incre√≠ble.",Mucho,Mucho,Mucho,Poco,Mucho,"Ninguno, todo muy bien",1.0,2.0
7,21/07/2022 16:22:50,,Juntos con conjuntos ,,,1,1,1,"Me gust√≥ mucho el taller, repas√© cosas que se me hab√≠an olvidado por completo y aprend√≠ muchas cosas tambi√©n. fue un taller muy ameno y las instructoras muy inteligentes y agradables 10/10 ",Mucho,Mucho,Mucho,Poco,Mucho,clases muy completas!:),1.0,1.0
8,21/07/2022 16:23:05,,Conjuntos ?,,,1,1,1,"Sofia, a veces te pon√≠as un poco nerviosa y no encontrabas las palabras para explicar un tema, te recomiendo ver el v√≠deo de alguien m√°s explicando ese tema para que no te pase eso, muchas gracias s todas por su tiempo ",Mucho,Mucho,Mucho,Poco,Mucho,Sin comentarios ,1.0,1.0
9,21/07/2022 16:23:50,,Juntos con conjuntos ,,,1,3,3,"Creo que falt√≥ que dieran como un ""puente"" por as√≠ decir para llegar de la intuici√≥n a algo m√°s formal ya que pienso que cuando llegamos a lo que era m√°s formal estuvo muy golpeado jeje pero de ah√≠ en fuera estuvo bien :))",Mucho,Poco,Mucho,Poco,Poco,Ninguno ,2.0,3.0
10,21/07/2022 16:23:59,,Juntos con conjuntos ,,,1,2,2,considero que fue buena la explicaci√≥n y el material de apoyo dado ,Mucho,Mucho,Mucho,Mucho,Mucho,todo me pareci√≥ muy bien ,2.0,2.0
11,21/07/2022 16:24:46,,Juntos con conjuntos,,,1,1,1,"S√≥lo me gustar√≠a agradecer la labor y din√°mica de los ponentes, realmente dan pauta a que despertemos genuino entusiasmo a temas complejos  ",Mucho,Mucho,Mucho,Poco,Mucho,"El material usado facilit√≥ mucho el aprendizaje formal, acertadamente pedag√≥gico",1.0,1.0
0,21/07/2022 12:15:17,,Probabilidad ,2.0,2.0,2,2,2,Ning√∫n comentario ,Mucho,Mucho,Mucho,Poco,Mucho,Ning√∫n comentario ,,
1,21/07/2022 12:17:33,,Carrera de probabilidades con Mario Kart,1.0,1.0,1,1,1,Muy buena explicaci√≥n por parte de los instructores,Mucho,Mucho,Mucho,Poco,Mucho,Fueron muy claras las explicaciones y hab√≠a espacio para preguntar dudas,,
2,21/07/2022 12:17:38,,carrera de probabilidades con Mario Kart ,1.0,1.0,1,1,1,ninguna estuvo muy interesante el taller ,Mucho,Mucho,Mucho,Poco,Mucho,ninguna ,,
3,21/07/2022 12:17:38,,Carrera de probabilidad con Mario Kart,1.0,2.0,1,1,2,Me gustar√≠a profundizar un poco m√°s en los temas,Mucho,Mucho,Mucho,Poco,Mucho,Me gust√≥ el taller :),,
4,21/07/2022 12:17:54,,Carrera de Probabilidades,1.0,1.0,1,1,1,"Excelente din√°mica del taller, me interes√≥ much√≠simo. Muchas gracias ",Mucho,Mucho,Mucho,Poco,Mucho,"Tal vez un poco m√°s de teor√≠a estar√≠a perfecto, aunque  todo me agrado bastante ",,
5,21/07/2022 12:18:05,,Carrera de probabilidades con Mario Kart,1.0,1.0,1,1,1,Me agrado mucho el taller,Mucho,Mucho,Mucho,Poco,Mucho,El taller fue muy bueno y me pareci√≥ sencillo de aprender.,,
6,21/07/2022 12:18:45,,Carrera de probabilidades con Mario Kart,1.0,1.0,1,1,1,"A mi me gust√≥ mucho el taller de probabilidad, ya que los temas fueron claros y los instructores hac√≠an amenas las sesiones. ",Mucho,Mucho,Mucho,Poco,Mucho,Me pareci√≥ un buen taller para reforzar conocimientos. ,,
7,21/07/2022 12:19:01,,Carrera de Probabilidad,1.0,1.0,2,1,1,Todo el material estuvo perfecto:),Mucho,Mucho,Mucho,Poco,Mucho,"Sencillas, pero muy buenas explicaciones",,
8,21/07/2022 12:19:28,,Carrera de probabilidad con Mario Kart,1.0,2.0,1,1,2,"Aunque antes no me hab√≠a llamado la atenci√≥n la probabilidad, el taller me pareci√≥ divertido y una buena introducci√≥n al tema.",Mucho,Mucho,Mucho,Poco,Mucho,"En general estuvo bien organizado el taller, los conceptos quedaron claros aunque tal vez se pudo incluir un ejercicio m√°s cuando vimos la parte te√≥rica.",,
9,21/07/2022 12:20:56,,Mario Kart y probabilidades ,1.0,3.0,3,2,1,"Fue muy divertido, y los instructores igual con muy buena actitud pero a√∫n me quedaron algunas  dudas  que no pude expresar porque ya es parte de mi aprendizaje ,sobre el tema en general.",Mucho,Mucho,Poco,Poco,Poco,.,,
10,21/07/2022 12:21:39,,Carrera de probabilidades con Mario Kart,1.0,1.0,1,1,2,Todo muy bien,Mucho,Mucho,Mucho,Poco,Mucho,Todo bien,,
11,21/07/2022 12:22:49,,Carrera de Probabilidades con Mario Kart.,5.0,5.0,5,5,5,Dar bibliografia de materias de tronco comun,Mucho,Mucho,Mucho,Poco,Mucho,Formar los grupos con aspirantes de una misma carrera,,
12,21/07/2022 12:22:52,,carrera de probabilidades con Mario kart ,5.0,5.0,5,5,5,todo bien,Mucho,Mucho,Mucho,Mucho,Mucho,todo bien ,,
0,21/07/2022 12:15:17,,Los caminos del infinito (no son como yo pensaba).,1.0,1.0,1,1,1,Unicamente pienso que para la informaci√≥n que se nos dio no requer√≠amos mucho tiempo,Mucho,Mucho,Mucho,Poco,Poco,Me gustaria que si ya vamos a estar dos horas que hubiera mas informaci√≥n,,
1,21/07/2022 12:15:27,,Los caminos del infinito (no son como yo pensaba),1.0,1.0,1,1,1,"Por ahora todo bien, el instructor nos present√≥ el tema de una manera did√°ctica y comprensible.",Mucho,Mucho,Mucho,Poco,Mucho,"Todo bien , me gust√≥ el taller:)",,
2,21/07/2022 12:15:58,,Los caminos del infinito (no son lo que yo pensaba).,1.0,1.0,1,2,2,"El taller me gusto mucho, las actividades en equipo y tambi√©n como explicaron el tema.",Mucho,Mucho,Mucho,Poco,Mucho,Todo fue claro en las explicaciones y de igual manera los temas.,,
3,21/07/2022 12:16:20,,Los caminos del infinito (no son lo que yo pensaba),1.0,2.0,1,1,1,Fue un muy buen taller,Mucho,Mucho,Mucho,Poco,Mucho,"No tengo ningun comentario, me encant√≥ el taller",,
4,21/07/2022 12:16:53,,Los caminos del infinito (no son como yo pensaba). ,2.0,1.0,1,1,2,no,Mucho,Mucho,Mucho,Mucho,Mucho,no,,
5,21/07/2022 12:16:56,,Los caminos del infinito,5.0,5.0,4,5,5,Que entregaran un pdf con la info del taller.,Mucho,Mucho,Mucho,Mucho,Mucho,-,,
6,21/07/2022 12:17:11,,Los caminos del infinito (no son como yo pensaba),1.0,1.0,1,1,1,A√±adir m√°s ejemplos o ejercicios ,Mucho,Poco,Mucho,Mucho,Mucho,Concluir con una plantilla que resuma todo lo visto,,
7,21/07/2022 12:17:15,,Los caminos del infinito (no son lo que yo pensaba),1.0,1.0,1,1,1,"Me gust√≥ mucho el taller ya que fue muy divertido y did√°ctico, aprend√≠ conceptos que hab√≠a visto o escuchado con anterioridad pero de una forma mucho m√°s clara, adem√°s segu√≠ investigando del tema.",Mucho,Mucho,Mucho,Poco,Mucho,Estuvo f√°cil entender la formalizaci√≥n de los conceptos.,,
8,21/07/2022 12:17:17,,Los caminos del infinito (no son lo que yo pensaba).,1.0,1.0,2,1,1,De momento no tendr√≠a sugerencia esta bastante bien ,Mucho,Mucho,Mucho,Poco,Mucho,no tendr√≠a sugerencia,,
9,21/07/2022 12:17:53,,Los caminos del infinito no son lo que yo pensaba,1.0,1.0,1,1,1,"En realidad el taller me pareci√≥ muy interesante. Creo que los ejemplos y las explicaciones fueron bastante claras y en realidad era muy entretenido, por lo que no resultaba pesado",Mucho,Mucho,Mucho,Poco,Mucho,"Me parece bien que el taller sea dado por estudiantes, ya que cre√≥ que comprenden mejor nuestras dificultades o inquietudes, e incluso poseen herramientas para hacerlo m√°s din√°mico y entretenido",,
10,21/07/2022 12:18:02,,Los caminos del infinito (no son lo que yo pensaba).,1.0,1.0,1,1,1,"Ninguna, todo me pareci√≥ muy bien.",Mucho,Mucho,Mucho,Poco,Mucho,"Ninguno, todo me quedo claro y me parecio muy didactico ",,
11,21/07/2022 12:18:06,,Los caminos del infinito (no son lo que yo pensaba),1.0,1.0,1,1,1,"No tengo sugerencias, ya que el taller se sinti√≥ muy ameno, y din√°mico con las actividades realizadas ",Mucho,Mucho,Mucho,Poco,Mucho,Sin comentarios ,,
12,21/07/2022 14:03:48,,"Probabilidad, con Mario kart ",1.0,1.0,1,1,1,Me gust√≥ ,Mucho,Mucho,Mucho,Mucho,Mucho,Ninguno ,,
0,21/07/2022 12:19:00,,Aliens mentirosos,2.0,2.0,1,1,2,Muy buen taller,Mucho,Poco,Mucho,Poco,Mucho,-,,
1,21/07/2022 12:19:19,,Cursos Proped√©uticos Facultad de Ciencias ,4.0,3.0,4,3,3,Todo bien,Mucho,Poco,Mucho,Mucho,Poco,"Me ha gustado mucho el taller y la secuencia did√°ctica, √∫nicamente se me ha complicado que es muy r√°pido y me cuesta analizar los conceptos nuevos",,
2,21/07/2022 12:19:29,,Secuencias didacticas,1.0,1.0,1,1,1,Me pareci√≥ bastante agradable y eficiente,Mucho,Mucho,Mucho,Poco,Mucho,Me pareci√≥ bastante agradable y eficiente,,
3,21/07/2022 12:19:51,,Curso Proped√©utico Facultad de Ciencias,5.0,5.0,5,5,5,Me parecieron correctas las dos clases que he tomado por que vemos definiciones pero tambi√©n son did√°cticas,Mucho,Mucho,Mucho,Mucho,Mucho,Todo esta super bien con los talleres hasta ahora,,
4,21/07/2022 12:20:27,,Aliens Mentirosos,1.0,1.0,1,1,2,"Me pareci√≥  interesante que y ameno que el material que se nos brind√≥ fuera elaborada a manera de ""Apuntes en vivo"" lo que puedo decir que ayuda en gran parte a estar mas atentos a la informaci√≥n que nos daban.",Mucho,Mucho,Mucho,Poco,Mucho,"Todo me pareci√≥ muy bien planeado, adem√°s que los instructores siempre se mostraron con la mejor disposici√≥n para resolver cualquier duda o pregunta que ten√≠amos. ",,
5,21/07/2022 12:21:24,,Aliens mentirosos.,1.0,1.0,1,1,1,Las clases fueron muy did√°cticas y me gustaron mucho.,Mucho,Mucho,Mucho,Poco,Mucho,Todas las actividades fueron muy amenas,,
6,21/07/2022 12:22:20,,Aliens mentirosos ,1.0,1.0,1,1,1,"El taller estuvo excelente, no cambiar√≠a nada ",Mucho,Mucho,Mucho,Poco,Mucho,La forma en que explicaron los temas fue la adecuada ,,
7,21/07/2022 12:23:15,,Aliens mentirosos,2.0,2.0,2,3,3,Personalmente pienso que es m√°s complicado entender o explicar las tablas de verdad con la analog√≠a de los aliens.,Mucho,Mucho,Poco,Poco,Poco,Personalmente pienso que es m√°s complicado entender o explicar las tablas de verdad con la analog√≠a de los aliens. Tambi√©n pienso que pueden haber mejores formas de introducir el tema de tablas de verdad.,,
0,21/07/2022 12:04:11,,Un algoritmo para calcular el d√≠a del fin del mundo ,4.0,5.0,4,3,2,Me gust√≥ el taller,Mucho,Mucho,Mucho,Poco,Mucho,Estuvo interesante conocer el concepto de inducci√≥n,,
1,21/07/2022 12:04:37,,un algoritmo para calcular el fin del mundo,2.0,1.0,1,1,1,"me pareci√≥ muy bueno, y me divert√≠ mucho con los instructores y su forma de darnos las sesiones",Mucho,Mucho,Mucho,Poco,Mucho,"solo lo dicho anteriormente, muy bueno el curso",,
2,21/07/2022 12:04:38,,El algoritmo para calcular el fin del mundo. ,1.0,1.0,1,1,2,Muy bonito taller :). ,Mucho,Mucho,Mucho,Mucho,Mucho,Me gust√≥ mucho el taller :). ,,
3,21/07/2022 12:05:00,,Aliens mentirosos,1.0,1.0,1,2,3,No tengo por el momento ninguna sugerencia ,Mucho,Mucho,Mucho,Poco,Mucho,No,,
4,21/07/2022 12:05:34,,Un algoritmo para calcular el fin del mundo,1.0,1.0,1,1,1,Esta muy bien,Mucho,Mucho,Mucho,Poco,Mucho,Sin comentarios ,,
5,21/07/2022 12:06:41,,Un algoritmo para calcular el d√≠a del fin del mundo,1.0,1.0,1,2,2,"Estuvo padre, ligeramente confuso en la parte de recursi√≥n, pero muy bueno en general :)",Mucho,Mucho,Mucho,Poco,Mucho,"No tengo comentarios, estuvo bien :)",,
6,21/07/2022 12:06:42,,Un algoritmo para calcular el d√≠a del fin del mundo,2.0,3.0,1,3,3,"Me gusto el como se expresaban pero hubo partes en las que no hac√≠an muy interactivas la explicaci√≥n, entonces era tedioso y un poco pesado seguir la idea, pero por lo general fue muy bueno",Mucho,Poco,Mucho,Poco,Mucho,.,,
7,21/07/2022 12:07:13,,Ecuaci√≥n para calcular el fin del mundo,4.0,4.0,4,4,3,"Todo bien, s√≥lo hubo unas partes que no entend√≠.",Mucho,Mucho,Poco,Mucho,Mucho,Todo bien,,
8,21/07/2022 12:08:30,,Un algoritmo para calcular el d√≠a del fin del mundo ,2.0,1.0,1,1,2,"No tengo ning√∫n comentario, el taller lo encontr√© bastante c√≥modo y los instructores fueron bastante amables, fueron unas horas bastante amenas.",Mucho,Mucho,Mucho,Poco,Poco,"No quedar√≠a dem√°s que los materiales visuales o de apoyo fueran compartidos despu√©s de cada sesi√≥n para poder retomarlos o en su caso, considerando problemas de conexi√≥n, poder comprender en su totalidad los conceptos vistos en el momento.",,
9,21/07/2022 12:09:01,,Un algoritmo para calcular el d√≠a del fin del mundo,4.0,5.0,4,5,5,nop :)),Mucho,Mucho,Poco,Mucho,Mucho,:)),,
10,21/07/2022 14:08:17,,Un algoritmo para calcular el fin del mundo ,2.0,1.0,1,2,2,"Practicar antes un poco mas lo que van a decir para no ponerse nerviosos y hablar mas fluido. Dieron muy buenas clases, felicidades(:",Mucho,Mucho,Mucho,Poco,Mucho,.,,
11,21/07/2022 16:32:33,,Un algoritmo para calcular el d√≠a del fin del mundo,1.0,1.0,1,1,1,Muy bien los chicos que nos explicaron,Mucho,Mucho,Mucho,Poco,Mucho,"Es un tema algo dif√≠cil de entender, pero para habernos explicado en tan poco tiempo lo hicieron bien y me motivaron a investigar del tema",,
0,21/07/2022 12:09:11,,Juego del grafimar,2.0,1.0,1,1,2,...,Mucho,Mucho,Mucho,Poco,Mucho,...,,
1,21/07/2022 12:09:41,,el juego del grafimar,1.0,2.0,1,1,1,creo que se pueden ver un poco m√°s de teor√≠a ,Mucho,Mucho,Mucho,Poco,Mucho,Me parece que se puede ver de manera mas formal los temas ,,
2,21/07/2022 12:10:00,,Juego del Grafimar  (Teor√≠a de Grafos),1.0,1.0,1,1,1,Estar√≠a bien que dieran un poco m√°s de teor√≠a,Mucho,Mucho,Mucho,Mucho,Mucho,Que dieran un poco m√°s de teor√≠a,,
3,21/07/2022 12:10:10,,El juego del Grafimar,1.0,1.0,1,2,1,"En general fue bastante ameno y me pareci√≥ una idea bastante creativa, adem√°s de que me aclaro los conceptos",Mucho,Mucho,Mucho,Poco,Mucho,.,,
4,21/07/2022 12:10:19,,Juego del grafimar ,1.0,1.0,1,1,1,La verdad es que todo fue muy agradable y claro. No hacen que nada sea tedioso y eso es muy satisfactorio ,Mucho,Mucho,Mucho,Poco,Mucho,10000 de 10 :3,,
5,21/07/2022 12:10:27,,El juego del grafimar ,1.0,2.0,1,1,1,"Me gust√≥ que no fuera una clase convencional, me gust√≥ que nos dejaran resolver problemas y nos invitaran a pensar y a intuir el tema de forma natural",Mucho,Mucho,Mucho,Poco,Mucho,.,,
6,21/07/2022 12:10:41,,El juego del grafimar,1.0,1.0,1,1,1,Me gusto mucho el taller porque aprend√≠ nuevos conceptos acerca de las gr√°ficas,Mucho,Mucho,Mucho,Poco,Poco,Me gusto mucho pero me hubiera gustado que ese taller durara m√°s tiempo,,
7,21/07/2022 12:12:04,,El juego del grafimar ,1.0,2.0,1,1,2,"Me gust√≥ la manera din√°mica en la que se realizaron, hicieron la clase bastante amena.",Mucho,Poco,Mucho,Poco,Mucho,Ninguno :),,
8,21/07/2022 12:12:32,,Juego del Grafimar,1.0,2.0,2,1,2,"Falt√≥ un poco m√°s de explicaci√≥n, ya que solo se dio la teor√≠a concluidos los juegos, creo que hubiera sido mejor dar un poco de teor√≠a cada d√≠a para poder relacionar el tema mientras hac√≠amos los juegos, por lo dem√°s bastante bien :)  ",Mucho,Mucho,Mucho,Mucho,Mucho,"Hubiera sido bueno alg√∫n glosario con los conceptos formales, ayudar√≠a mucho a que los apuntes fueran precisos, lo dem√°s bastante bien en cuanto a los conceptos manejados :) ",,
9,21/07/2022 12:13:23,,El juego del grafimar ,4.0,4.0,4,4,1,ninguno,Mucho,Mucho,Mucho,Mucho,Mucho,ninguno,,
10,21/07/2022 12:13:24,,Juego del Grafimar G10,1.0,1.0,2,1,1,Posiblemente que sea m√°s din√°mico. ,Mucho,Mucho,Mucho,Poco,Mucho,Ninguna.,,
11,21/07/2022 12:14:32,,El juego del grafimar,2.0,2.0,2,2,2,Ya lo respond√≠ en otra encuesta de ellos,Mucho,Mucho,Mucho,Poco,Mucho,Igual pensar en algo intermedio entre lo formal y el juego ser√≠a bueno verlo en forma de reto (pero no como ejercicio al lector),,
0,21/07/2022 9:10:09,,¬øLeonardo Di Caprio es perfecto?,1.0,2.0,1,1,1,Interesante taller,Mucho,Mucho,Mucho,Poco,Mucho,/,,
1,21/07/2022 9:10:38,,¬øLeonardo Dicaprio es perfecto?,1.0,1.0,1,1,1,"Fue un ambiente muy c√≥modo y respetuoso, con mucha disposici√≥n a ayudar. ",Mucho,Mucho,Mucho,Poco,Mucho,"Explicaciones claras, se tomaron el tiempo para resolver dudas y dar varios ejemplos.",,
2,21/07/2022 9:10:44,,¬øLeonardo Di caprio es perfecto?,1.0,1.0,1,1,1,"Todo muy bien, din√°mico y buenas explicaciones ",Mucho,Mucho,Mucho,Poco,Mucho,Se entendieron todos los conceptos ,,
3,21/07/2022 9:10:50,,¬øLeonardo Di caprio es perfecto?,1.0,1.0,1,1,1,Fueron amables y explicaron de una manera f√°cil de entender.,Mucho,Mucho,Mucho,Poco,Mucho,Todo bien.,,
4,21/07/2022 9:11:57,,Proped√©utico Facultad de Ciencias ,1.0,2.0,1,1,1,Did√°cticos y entretenidos ,Mucho,Mucho,Mucho,Poco,Mucho,Gran idea realizar este taller ,,
5,21/07/2022 9:12:26,,Leonardo Di Caprio es perfecto?,1.0,1.0,1,2,1,"Me gust√≥ bastante el taller, sin embargo considero que hace falta algo de organizaci√≥n respecto al material compartido como el tener listo los cuestionarios. Y de alg√∫n modo motivar a todos a participar (alumnos) :c porque es bien triste que solo contestemos algunos.",Mucho,Mucho,Mucho,Poco,Mucho,Me gust√≥ la forma en que nos explicaron los temas C:,,
6,21/07/2022 9:12:35,,Proped√©utico facultad de ciencias ,5.0,4.0,4,5,4,Ninguno,Mucho,Mucho,Mucho,Poco,Mucho,Ninguno,,
7,21/07/2022 9:12:50,,¬øLeonardo Di caprio es perfecto?,1.0,1.0,1,1,1,Me pareci√≥ un excelente taller ,Mucho,Mucho,Mucho,Poco,Poco,Me gust√≥ la forma de integrar conceptos,,
8,21/07/2022 9:12:54,,¬øLeonardo Di Caprio es perfecto?,1.0,1.0,1,1,1,Me agrad√≥ la disposici√≥n de los instructores de ayudar y para resolver dudas,Mucho,Mucho,Mucho,Poco,Mucho,Me gust√≥ que la secuencia didactica fue muy interesante y amena,,
9,21/07/2022 9:12:58,,¬øLeonardo Di Caprio es perfecto?,2.0,1.0,1,2,1,"Mas que nada lo complicado es que a veces los alumnos no hablamos o algo as√≠, obviamente por ser formato en linea, pero fuera de esto todo el taller me pareci√≥ muy bueno",Mucho,Mucho,Mucho,Poco,Mucho,todo bien :),,
10,21/07/2022 9:13:03,,¬øLeonardo DiCaprio es perfecto?,1.0,1.0,1,1,1,"Me gust√≥ mucho el taller, explicaron todo muy bien y siempre buscaron que todos entendi√©ramos bien el tema. ",Mucho,Mucho,Mucho,Poco,Mucho,Las presentaciones fueron muy claras y por lo tanto hicieron que para mi fuera m√°s f√°cil entender el tema.,,
11,21/07/2022 9:14:38,,¬øLeonardo Di caprio es perfecto?,1.0,2.0,1,1,2,"Fue un taller interesante, toco temas que solamente hab√≠a escuchado, aunque con lo expuesto en el taller no abarcan todo, sin embargo te dan una peque√±a introducci√≥n a lo que seria el tema en general.  ",Mucho,Mucho,Mucho,Poco,Mucho,"Los materiales o temas ocupados a lo largo del taller si tenian una relaci√≥n entre si, haciendo mas f√°cil de comprender de que es lo que se esta hablando",,
12,21/07/2022 9:17:19,,Cursos Proped√©uticos Facultad de Ciencias,4.0,4.0,4,4,4,-,Mucho,Mucho,Mucho,Mucho,Mucho,-,,
13,21/07/2022 9:18:10,,Leonardo di caprio ,2.0,1.0,1,1,1,Me parexe que est√°n bien,Mucho,Mucho,Mucho,Poco,Mucho,Ninguno ,,
14,21/07/2022 9:57:18,,¬øLeonardo DiCaprio es perfecto?,1.0,1.0,1,1,1,Me pareci√≥ un taller muy interesante y √∫til. ,Mucho,Mucho,Mucho,Poco,Mucho,Ninguno,,
0,21/07/2022 9:13:45,,Scram‚àÖ (Scrampty),1.0,1.0,3,1,1,.,Mucho,Mucho,Mucho,Mucho,Mucho,.,,
1,21/07/2022 9:14:57,,Scrampin,2.0,2.0,1,2,2,Todo bien :),Mucho,Mucho,Mucho,Poco,Mucho,Todo claro,,
2,21/07/2022 9:15:54,,Conjuntos,1.0,1.0,1,1,1,Ninguna ,Mucho,Mucho,Mucho,Poco,Mucho,Ninguna ,,
3,21/07/2022 9:16:49,,Leonardo di caprino es perfecto?,1.0,1.0,2,2,1,Estuvo s√∫per ü§©‚ù§Ô∏è,Mucho,Mucho,Mucho,Mucho,Mucho,üëçüèªüëçüèª‚ù§Ô∏è,,
4,21/07/2022 9:16:51,,Scram‚àÖ (Scrampty),1.0,1.0,2,1,2,En general siento que las actividades estuvieron muy bien y fueron entretenidas.,Mucho,Mucho,Mucho,Poco,Mucho,Me pareci√≥ una forma muy amena de dar a entender los conceptos.,,
5,21/07/2022 9:16:52,,Scrampty,1.0,2.0,2,1,2,Fue un bueno taller ,Mucho,Mucho,Mucho,Poco,Poco,.,,
6,21/07/2022 9:17:16,,Scram‚àÖ,4.0,5.0,5,5,5,.,Mucho,Mucho,Mucho,Mucho,Mucho,.,,
7,21/07/2022 9:17:42,,Scrampty,2.0,2.0,1,1,1,No.,Mucho,Mucho,Mucho,Mucho,Mucho,No.,,
8,21/07/2022 9:18:37,,scrampty,5.0,5.0,2,1,2,"El taller fue muy ameno, f√°cil y divertido",Mucho,Mucho,Mucho,Poco,Mucho,Me gust√≥ mucho jugar scrable,,
9,21/07/2022 9:18:38,,Cursos Propedeuticos Ciencias,1.0,2.0,1,2,1,"Las primeras sesiones me gustaron mucho, las  explicaciones siempre trataron de ser claras y las actividades, de igual manera, ayudaron a comprender mejor el tema.",Mucho,Mucho,Mucho,Poco,Mucho,"Me gustaron las primeras clases del taller, todo ha sido claro y los ejemplos y actividades ayudaron muchisimo a comprender mejor los temas.",,
10,21/07/2022 9:19:53,,Curso proped√©utico 2022,2.0,2.0,1,2,1,El taller fue muy ameno y fueron claros siempre,Mucho,Mucho,Mucho,Poco,Mucho,Dentro del taller siempre hubo mucha actividad did√°ctica y fueron amables todo el tiempo,,
0,21/07/2022 9:08:53,,Cursos proped√©uticos FCiencias,2.0,1.0,1,1,2,Me ha parecido un buen taller. ,Mucho,Mucho,Mucho,Poco,Mucho, No tengo comentarios.,,
1,21/07/2022 9:09:04,,M√°quina para transformar caf√© en teoremas,1.0,1.0,1,1,2,"Mi comentario es que realmente fue muy buen taller, un tema que para mi era un poco complejo lo asimile muy bien con este taller.",Mucho,Mucho,Mucho,Poco,Mucho,Sin sugerencias por el momento ,,
2,21/07/2022 9:09:43,,Maquina de cafe para hacer teoremas¬ø,1.0,3.0,1,2,3,"Me gusto mucho su actitud y que lo hicieran de manera dinamica, pero a mi parecer me hubiera gustado que el nivel fuera un poquito mas alto aunque asi esta muy bien, me gusto.",Mucho,Mucho,Mucho,Poco,Mucho,Todo bien :) ,,
3,21/07/2022 9:10:59,,Maquina para transformar cafe en teoremas ,1.0,1.0,1,1,1,Fue muy interesante y en ningun momento me aburri o perdi el interes por el taller,Mucho,Mucho,Mucho,Poco,Mucho,"Las chicas que dieron el taller fueron muy amables, claras e hicieron ameno los talleres",,
4,21/07/2022 9:11:10,,M√°quina para transformar caf√© en teoremas,1.0,1.0,1,1,1,"creo que fue un buen ambiente, y son muy pacientes polo que la comprensi√≥n de los temas es muy fasil ",Mucho,Mucho,Mucho,Poco,Mucho,Sin comentarios,,
5,21/07/2022 9:11:21,,Maquina para transformar caf√© en teoremas,4.0,3.0,5,5,5,"El taller en general me gust√≥ bastante, pues cada sesi√≥n se realiz√≥ de manera amena y sumamente did√°ctica, por lo que me ayud√≥ a reforzar conocimientos y sobre todo a comprender conceptos nuevos.",Mucho,Poco,Mucho,Poco,Mucho,La formalizaci√≥n de conceptos me ayud√≥ a comprender varios temas.,,
6,21/07/2022 9:11:41,,M√°quina para transformar caf√© en teoremas. ,2.0,1.0,1,1,2,No hay,Mucho,Mucho,Mucho,Poco,Mucho,No hay. ,,
7,21/07/2022 9:11:44,,M√°quina para transformar caf√© en teoremas ,1.0,1.0,1,1,1,En general estuvo muy entretenido e interesante ,Mucho,Mucho,Mucho,Poco,Mucho,El taller estuvo muy adecuado ,,
8,21/07/2022 9:11:45,,M√°quina para transformar caf√© en teoremas,1.0,1.0,1,1,1,"la verdad a mi me pareci√≥ muy ameno, comodo y divertido el taller. Entend√≠ todo y fue de una manera divertida.",Mucho,Mucho,Mucho,Mucho,Mucho,Todo fue muy claro y siempre se aseguraron que todos entendi√©ramos los conceptos. ,,
9,21/07/2022 9:12:23,,M√°quina para transformar caf√© en teoremas,5.0,4.0,5,5,5,Despiertan mucho el inter√©s en aprender,Mucho,Mucho,Mucho,Poco,Mucho,Es muy din√°mico y mantiene la atenci√≥n enfocada por lo mismo,,
10,21/07/2022 9:13:11,,M√°quina para transformas caf√© en teoremas. ,1.0,1.0,1,1,1,"me parecieron muy bien implementadas las herramientas digitales, siento que el proceso de aprendizaje es mas eficiente y din√°mico que algunos m√©todos presenciales. ",Mucho,Mucho,Mucho,Poco,Mucho,son un poco raros los temas pero esta bien.,,
11,21/07/2022 10:23:16,,M√°quina para transformar caf√© en teoremas,1.0,2.0,1,2,2,En general me agrad√≥ como lo llevaron a cabo,Mucho,Mucho,Mucho,Poco,Mucho,El taller fue did√°ctico ,,
0,21/07/2022 9:10:22,,"No lo recuerdo, ya que el link que me mandaron al principio me mandaba a un equipo que no era el m√≠o entonces creo que me perd√≠ eso ",1.0,1.0,1,1,1,Me gusto la dinamica con la que trabajaron creo que fue muy claro el punto que quiera llegar ,Mucho,Mucho,Mucho,Poco,Mucho,no,,
1,21/07/2022 9:10:38,,Toros y vacas ,1.0,1.0,2,1,1,"Me gustar√≠a poder ver como escriben las formulas mientras las explican, siento que facilitar√≠a la comprensi√≥n y ser√≠a mas completo ",Mucho,Mucho,Mucho,Poco,Mucho,-,,
2,21/07/2022 9:11:03,,Vacas y toros,1.0,2.0,1,1,2,El taller es divertido ,Mucho,Mucho,Mucho,Mucho,Mucho,No,,
3,21/07/2022 9:11:20,,toros y vacas,1.0,1.0,1,1,1,"El taller me pareci√≥ excelente, me gust√≥ que no solo fue teor√≠a, tambi√©n hubo una actividad que me gust√≥ mucho, tambi√©n me gust√≥ la disposici√≥n que ten√≠an los educadores al resolver dudas 10/10",Mucho,Mucho,Mucho,Poco,Mucho,Aprend√≠ cosas nuevas que me parecieron muy interesantes :),,
4,21/07/2022 9:14:24,,Toros vacas ,3.0,2.0,1,2,2,"por el momento no, gracias ",Mucho,Mucho,Mucho,Poco,Poco,"respondiendo a la anterior pregunta, no es ni mucho ni poco, cada quien tiene su forma de aprender, pero en lo personal me gusta ver los temas explicados un poco mas a fondo y luego aplicarlos de forma interactiva ",,
5,21/07/2022 9:16:13,,Toros y Vacas,1.0,1.0,1,1,1,"Me pareci√≥ muy agradable su forma de explicar el tema, fueron cada uno sencillo y claros en todo momento.",Mucho,Mucho,Mucho,Poco,Mucho,Me ayudo mucho a comprender los conceptos el uso del taller.,,
6,21/07/2022 9:17:13,,Propedeutico ,1.0,1.0,1,1,1,-,Mucho,Mucho,Mucho,Poco,Mucho,.,,
7,22/07/2022 11:07:39,,M√°quina para transformas caf√© en teoremas,1.0,2.0,1,2,2,-,Mucho,Mucho,Mucho,Mucho,Mucho,-,,
8,22/07/2022 11:08:01,,M√†quina para transformar caf√© en teoremas,1.0,1.0,1,1,1,Fue muy did√°ctico,Mucho,Mucho,Mucho,Poco,Mucho,.,,
9,22/07/2022 11:08:02,,maquina para transformar caf√© en teoremas,1.0,1.0,1,1,1,---,Mucho,Mucho,Mucho,Mucho,Mucho,----,,
10,22/07/2022 11:08:28,,Maquina para transformar caf√© en teoremas.,1.0,1.0,1,2,1,"Fue entretenido, esta genial su concurso :)",Mucho,Mucho,Mucho,Poco,Mucho,.,,
11,22/07/2022 11:08:47,,Maquina para transformar cafe en  teoremas,1.0,1.0,1,1,1,Me gusto mucho la din√°mica del taller y coo fueron ense√±ando los temas,Mucho,Mucho,Mucho,Poco,Mucho,Entendi muy bien el tema con el ejercicio de las figuras,,
12,22/07/2022 11:09:01,,TOROS Y VACAS,1.0,1.0,1,1,1,-----,Mucho,Mucho,Mucho,Mucho,Mucho,----,,
13,22/07/2022 11:09:35,,maquina para transformar caf√© en teoremas ,1.0,2.0,1,1,1,son muy comprensivas e hicieron muy ameno <3el taller a pesar de nosotros ser tan introvertidos   ,Mucho,Mucho,Mucho,Poco,Mucho,ninguno ,,
14,22/07/2022 11:09:35,,Maquina para transformar caf√© en teoremas,1.0,1.0,1,1,1,"Nop, las chicas fueron muy amables y alegres.",Mucho,Mucho,Mucho,Poco,Mucho,Me gusto mucho lo dicactico que fue su taller y su forma de explicar los conceptos.,,
15,22/07/2022 11:09:39,,Maquina para transformar caf√© en teoremas,1.0,1.0,1,1,1,"Me gust√≥ mucho la actividad del tangram, fue muy did√°ctico y creo que es una muy buena forma de ense√±ar :) ",Mucho,Mucho,Mucho,Poco,Mucho,"Aunque el taller es de cierta forma una ""introducci√≥n"", creo que estuvo muy completo y muy bien explicados los conceptos, de forma sencilla y al mismo tiempo clara, me agrad√≥ mucho la disposici√≥n de las educadoras para responder dudas y su actitud tan positiva tambi√©n :D ",,
